statistics1,statistics2,statistics3,statistics4,statistics5,statistics6,statistics7,statistics8,statistics9,statistics10,statistics11,statistics12,statistics13,statistics14,statistics15,statistics16,statistics17,statistics18,statistics19,statistics20,statistics21,statistics22,statistics23,statistics24,statistics25,statistics26,statistics27,statistics28,statistics29,statistics30,statistics31,statistics32,statistics33,statistics34
30300102,Sleep and Development 4,Rebecca G Adapt ANR,ADP,AB,AB30300102_ADP,511,504,0.9863014,495,0.9686888,0.9821429,0,9,7,135.5,15.5,0.03131313,14.5,0.02929293,276,0.5575758,26.5,0.05353535,50.5,0.1020202,127.5,0.2575758,0,0,77,0.1555556,367.5,0.7424242
30300102,Sleep and Development 4,Rebecca G Night 4 ANR,Night4,AB,AB30300102_Night4,300,297.5,0.9916667,293.5,0.9783334,0.9865546,0.5,3.5,2,39.5,6,0.02044293,6,0.02044293,129.5,0.4412266,17.5,0.05962521,57.5,0.1959114,83,0.2827939,0.5,0.001703577,75,0.2555366,210.5,0.7172061
30300203,Sleep and Development 4,Dane T Adapt ANR,ADP,AB,AB30300203_ADP,510,506,0.9921569,490.5,0.9617647,0.9693676,1,15.5,2.5,75,19,0.03873598,15,0.03058104,229.5,0.4678899,30.5,0.06218145,108,0.2201835,107.5,0.2191641,0,0,138.5,0.2823649,383,0.7808359
30300203,Sleep and Development 4,Dane T Night 4 ANR,Night4,AB,AB30300203_Night4,269,265.5,0.9869888,261,0.9702602,0.9830508,0,4.5,3.5,51,8,0.03065134,8,0.03065134,76,0.2911877,16.5,0.06321839,79.5,0.3045977,81,0.3103448,0,0,96,0.3678161,180,0.6896552
30300402,Sleep and Development 4,Marleny F Adapt ANR,ADP,AB,AB30300402_ADP,508,505.5,0.9950787,488.5,0.9616142,0.9663699,0.5,17,2,75,19.5,0.03991812,15.5,0.03172978,303.5,0.6212897,20,0.04094166,57,0.1166837,92.5,0.1893552,0,0,77,0.1576254,396,0.8106448
30300402,Sleep and Development 4,Marleny F Night 4,Night4,AB,AB30300402_Night4,269,267.5,0.9944238,261.5,0.972119,0.9775701,0,6,1.5,67,7.5,0.02868069,4.5,0.01720841,114,0.4359465,16,0.06118547,78.5,0.3001912,48.5,0.1854685,0,0,94.5,0.3613767,213,0.8145316
