id,study,EDFname,condition,scorer,record,TDTmin,SPTmin,SPT_TDTper,TSTmin,TST_TDTper,TST_SPTper,WAFAmin,WASOmin,SleepLatency,REML,TWTmin,TWT_TSTper,St1_min,St1_TSTper,St2_min,St2_TSTper,St3_min,St3_TSTper,St4_min,St4_TSTper,REM_min,REM_TSTper,MT_min,MT_TSTper,SW_min,SW_TSTper,NREM_min,NREM_TSTper
510003,Wing Study,W1JPLLN1.EDF,LN1,EF,EF510003_LN1,540.5,534.5,0.9888992,413,0.7641073,0.7726848,1.5,121,4.5,133.5,127,0.3075061,33.5,0.0811138,238,0.5762712,30.5,0.07384988,38.5,0.09322034,72.5,0.1755448,0.5,0.001210654,69,0.1670702,340.5,0.8244552
510003,Wing Study,W2JPLSN1.EDF,SN1,EF,EF510003_SN1,240,236,0.9833333,227.5,0.9479167,0.9639831,0.5,7,3.5,60.5,10,0.04395605,6.5,0.02857143,114.5,0.5032967,33,0.145055,28,0.1230769,45.5,0.2,0.5,0.002197802,61,0.2681319,182,0.8
510003,Wing Study,W2JPLSN2.EDF,SN2,EF,EF510003_SN2,239,237.5,0.9937239,229,0.958159,0.9642105,0.5,7.5,1,60,9,0.03930131,8.5,0.0371179,98,0.4279476,16,0.069869,57,0.2489083,49.5,0.2161572,0,0,73,0.3187773,179.5,0.7838428
510004,Wing Study,W1APALN2.EDF,LN2,JL,JL510004_LN2,540.5,485.5,0.8982424,365,0.6753007,0.7518023,29,120.5,25,46.5,174,0.4767123,59.5,0.1630137,188.5,0.5164384,17.5,0.04794521,11.5,0.03150685,88,0.2410959,0,0,29,0.07945205,277,0.7589041
510006,Wing Study,W2RLALN1.EDF,LN1,JL,JL510006_LN1,540.5,534.5,0.9888992,514.5,0.9518964,0.9625819,0,20,6,117.5,26,0.0505345,13,0.02526725,264.5,0.5140914,74,0.143829,98.5,0.191448,64.5,0.1253644,0,0,172.5,0.335277,450,0.8746356
510013,Wing Study,W2RMALN2.EDF,LN2,JL,JL510013_LN2,539.5,476.5,0.8832252,396,0.734013,0.8310598,42,80.5,21,138,143.5,0.3623737,1.5,0.003787879,226,0.5707071,17.5,0.04419192,64.5,0.1628788,86.5,0.2184343,0,0,82,0.2070707,309.5,0.7815657
510002,Wing Study,W1JRALN1.EDF,LN1,WC,WC510002_LN1,540,530.5,0.9824074,480.5,0.8898148,0.9057493,0,49.5,9.5,71.5,59,0.1227888,37,0.07700312,279.5,0.5816857,27,0.05619147,44,0.09157128,93,0.1935484,0.5,0.001040583,71,0.1477627,387.5,0.8064516
510002,Wing Study,W1JRALN2.EDF,LN2,WC,WC510002_LN2,535.5,522,0.9747899,497.5,0.9290383,0.9530652,1.5,24.5,12,62.5,37,0.07437186,51.5,0.1035176,284,0.5708542,25,0.05025126,48.5,0.09748743,88.5,0.1778895,0,0,73.5,0.1477387,409,0.8221105
510002,Wing Study,W2JRASN1.EDF,SN1,WC,WC510002_SN1,239.5,237.5,0.9916493,235,0.9812108,0.9894737,0.5,0.5,1.5,70,2.5,0.0106383,7,0.02978723,116,0.493617,22,0.09361702,50,0.212766,40,0.1702128,2,0.008510638,72,0.306383,195,0.8297873
